Experiment ID,Crab ID,Date,EDS,Day,Pleopod Number,Total Number Crab Eggs,Number Viable Crab Eggs,Number Damaged Crab Eggs,Number Stunted Crab Eggs,Total Number Non-Viable Crab Eggs,Number Adult Nicos,Number Juvenile Nicos,Number Nico Eggs,Number of Nemerteans,Water Temperature,Images,Initials,Notes
Mortality-001,ANT-GAV-030,01/21/2023,I,37,8,1090,1073,11,6,17,1,2,39,1,12,ANT-GAV-030_Mortality-001_01212023_1_30_JO.JPG,JO,
Mortality-002,ANT-GAV-031,01/21/2023,I,34,4,1461,1326,82,53,135,0,2,67,2,12,ANT-GAV-031_Mortality-002_01212023_1_30_JO.JPG,JO,
Mortality-003,ANT-GAV-032,01/21/2023,J,40,6,1975,1916,33,26,59,10,74,317,0,12,"ANT-GAV-032_Mortality-002_01212023_1_30_JO.JPG
ANT-GAV-032_Mortality-002_01212023_2_30_JO.JPG ",JO,"-there were no nemerteans seen but there were nemertean eggs present 
-the shaking method presented 19 more juveniles so it will be adopted"
Mortality-004,ANT-GAV-033,01/22/2023,J,40,2,1325,1309,7,9,16,2,51,156,1,12,"ANT-GAV-033_Mortality-004_01222023_1_20_JO.JPG
ANT-GAV-033_Mortality-004_01222023_2_30_JO.JPG",JO,
Mortality-005,ANT-GAV-034,01/22/2023,G,29,3,1795,1736,39,20,59,13,1,603,0,12,"ANT-GAV-034_Mortality-005_01222023_1_30_JO.JPG
ANT-GAV-034_Mortality-005_01222023_2_45_JO
ANT-GAV-034_Mortality-005_01222023_3_45_JO
ANT-GAV-034_Mortality-005_01222023_4_225_JO
ANT-GAV-034_Mortality-005_01222023_5_45_JO
ANT-GAV-034_Mortality-005_01222023_6_25_JO
ANT-GAV-034_Mortality-005_01222023_7_25_JO
ANT-GAV-034_Mortality-005_01222023_8_25_JO",JO,"-image showing two color developments
-picture of the suction cup
-photos of nico eggs
-no nemerteans but nemertean eggs are present "
Mortality-006,ANT-GAV-035,01/22/2023,J,40,6,1582,1517,36,29,65,1,10,23,1,12,ANT-GAV-035_Mortality-006_01222023_1_30_JO,JO,
Mortality-007,ANT-GAV-036,01/23/2023,I,35,8,1578,1566,9,3,12,0,4,28,0,12,ANT-GAV-036_Mortality-007_01232023_1_30_JO,JO,"-no nemerteans and no nemertean eggs 
-the eggs look like they are in pretty good condition and there aren't lots of nicos "
Mortality-008,ANT-GAV-037,01/23/2023,I,36,4,1381,736,549,96,645,21,323,1517,0,12,"ANT-GAV-037_Mortality-008_01232023_1_12_JO
ANT-GAV-037_Mortality-008_01232023_2_20_JO
ANT-GAV-037_Mortality-008_01232023_3_20_JO
ANT-GAV-037_Mortality-008_01232023_4_20_JO
ANT-GAV-037_Mortality-008_01232023_5_45_JO
ANT-GAV-037_Mortality-008_01232023_6_45_JO
ANT-GAV-037_Mortality-008_01232023_7_45_JO
ANT-GAV-037_Mortality-008_01232023_8_45_JO
ANT-GAV-037_Mortality-008_01232023_9_30_JO
ANT-GAV-037_Mortality-008_01232023_10_20_JO
ANT-GAV-037_Mortality-008_01232023_11_40_JO
ANT-GAV-037_Mortality-008_01232023_12_40_JO
ANT-GAV-037_Mortality-008_01232023_13_30_JO
ANT-GAV-037_Mortality-008_01232023_14_30_JO",JO,"-there are so many nico eggs and the damage to the eggs is extremely evident here 
-there is a reference photo for what an unifected portion should look like at this developmental stage
-in the heavily infested crabs the EDS can be determined by looking at the eggs at the ends of the fasciles because they are more synchronous and the nicos usually tend to stay towards the inners of the fascicles (more protection)
-damaged eggs are being classified as fully drained eggs, partially drained eggs, bacterial filled eggs, or popped eggs 
-there were no nemertean or nemertean eggs present
-in particular it is important to note the damaged eggs here include a lot of drained eggs"
Mortality-009,ANT-GAV-038,01/23/2023,I,36,1,1402,1373,23,6,29,4,49,360,0,12,ANT-GAV-038_Mortality-009_01232023_1_30_JO,JO,"-no nemerteans and no nemertean eggs 
-there were a lot of nico eggs but not a lot of damage to the eggs
-the eggs look like they are in pretty good condition "
Mortality-010,ANT-GAV-030,01/24/2023,I,40,3,1890,1825,49,16,65,3,29,176,1,12,"ANT-GAV-030_Mortality-010_01242023_1_30_JO
ANT-GAV-030_Mortality-010_01242023_2_30_JO",JO,"-the are nemertean eggs present as well 
-the eggs look pretty good and there aren't many nico eggs but there are lots of juveniles 
-ANT-GAV-030 autonomized her front claw later after this sample removal "
Mortality-011,ANT-GAV-031,01/24/2023,I,37,7,1125,1091,21,13,34,0,8,46,1,12,"ANT-GAV-031_Mortality-011_01242023_1_30_JO
ANT-GAV-031_Mortality-011_01242023_2_30_JO",JO,"-the eggs look really healthy and there are not many juveniles or nico eggs 
-there are also nemertean eggs present "
Mortality-012,ANT-GAV-032,01/24/2023,K,43,5,1227,1180,34,13,47,1,36,231,0,12,ANT-GAV-032_Mortality-012_01242023_1_30_JO,JO,-there are nemertean eggs 
Mortality-013,ANT-GAV-033,01/25/2023,K,43,7,1728,1691,15,22,37,0,36,42,1,12,"ANT-GAV-033_Mortality-013_01252023_1_30_JO
ANT-GAV-033_Mortality-013_01252023_2_45_JO",JO,"-there are nemertean eggs 
-the nico eggs look like they are in later development (pictures included)
-hypothesized that the adult nicos start dying in later EDS and the nico eggs all begin to hatch before the crab eggs hatch so that the copepodids can all move up into the gills before the next oviposition "
Mortality-014,ANT-GAV-034,01/25/2023,H,34,1,1491,1438,41,12,53,10,10,547,0,12,"ANT-GAV-034_Mortality-014_01252023_1_30_JO
ANT-GAV-034_Mortality-014_01252023_2_20_JO
ANT-GAV-034_Mortality-014_01252023_3_20_JO
ANT-GAV-034_Mortality-014_01252023_4_30_JO
ANT-GAV-034_Mortality-014_01252023_5_30_JO
ANT-GAV-034_Mortality-014_01252023_6_30_JO
ANT-GAV-034_Mortality-014_01252023_7_30_JO
ANT-GAV-034_Mortality-014_01252023_8_45_JO
ANT-GAV-034_Mortality-014_01252023_9_45_JO
ANT-GAV-034_Mortality-014_01252023_10_45_JO
ANT-GAV-034_Mortality-014_01252023_11_45_JO",JO,"-eggs are still very bright orange and the adult nicos blend in really well
-there are a lot of eggs and I believe it is around this stage of E-H where the adults are blending in and ovipositing a lot of eggs in the fasicles 
-good photos of the different sizes and colors of the nicos
no nemerteans but nemertean eggs "
Mortality-015,ANT-GAV-035,01/25/2023,K,43,4,1362,1275,53,34,87,1,28,46,1,12,ANT-GAV-035_Mortality-015_01252023_1_30_JO,JO,"-nemerteans and nemertean eggs present
-there were large and dark colored adult nicos present on the egg mass that were visible with the naked eye
-there are not many nico eggs but the ones that are present are in later development
-overall the eggs don't look too bad but there is a lot of mites? swimming around"
Mortality-016,ANT-GAV-036,01/26/2023,I,38,4,1458,1417,22,19,41,0,18,43,0,12,ANT-GAV-036_Mortality-016_01262023_1_30_JO,JO,"-a few large adult nicos were seen in the egg mass 
-overall the eggs look pretty good
-it is at the very last stage of I (there are still four lobes but the back two are very small)
-no nemerteans were seen but nemertean eggs were seen present"
Mortality-017,ANT-GAV-037,01/26/2023,I,39,3,1342,259,870,213,1083,15,1395,2044,0,12,"ANT-GAV-037_Mortality-017_01262023_1_10_JO
ANT-GAV-037_Mortality-017_01262023_2_10_JO
ANT-GAV-037_Mortality-017_01262023_3_20_JO
ANT-GAV-037_Mortality-017_01262023_4_35_JO
ANT-GAV-037_Mortality-017_01262023_5_35_JO
ANT-GAV-037_Mortality-017_01262023_6_45_JO
ANT-GAV-037_Mortality-017_01262023_7_45_JO
ANT-GAV-037_Mortality-017_01262023_8_30_JO
ANT-GAV-037_Mortality-017_01262023_9_30_JO",JO,"-egg mass is highly infested and many adults nicos are visible with the naked eye (definetly the most infested crab that I have seen in this batch)
-once again it was difficult to determine the EDS for this crab but I look for sections of the fasicles that had minimal amounts of nico eggs and used this as a reference to come to the conclusion that this is stage I (reference the last photo)
-in particular it is important to note the damaged eggs here include a lot of drained eggs 
-there were no nemerteans but there were nemertean eggs present
-the last photo shows what the normal developing eggs look like with there eyes vs. what the stunted ones look like (the stunted eggs have much smaller eye spots)"
Mortality-018,ANT-GAV-038,01/26/2023,I,39,7,1068,1019,21,28,49,6,90,209,0,12,ANT-GAV-038_Mortality-018_01262023_1_30_JO,JO,"-looks like late stage I and almost J 
-the eggs look pretty good overall
-there were no nemerteans or nemertean eggs "
Mortality-019,ANT-GAV-030,01/27/2023,J,43,4,1524,1483,21,20,41,0,23,27,1,12,ANT-GAV-030_Mortality-019_01272023_1_30_JO,JO,"-final days of J there is barely a connection but it is present 
-overall these eggs look pretty good
-there were nemertean eggs seen 
-I think there isn't much since the eggs will likely hatch in 2-4 days "
Mortality-020,ANT-GAV-031,01/27/2023,J,40,2,1476,1440,23,13,36,0,7,4,0,12,ANT-GAV-031_Mortality-020_01272023_1_30_JO,JO,"-there are nemertean eggs present 
-overall these egg look pretty good"
Mortality-021,ANT-GAV-032,01/27/2023,M,46,NA,NA,NA,NA,NA,NA,NA,NA,NA,NA,12,NA,JO,"-the crab has already began to spawn this morning but has not finished spawning yet (there are still eggs and egg shells on the fascicles) 
-a small subsample was examined and there were nemerteans, adult nicos, and juvenile nicos present
-most of the eggs that haven't hatched look stunted or damaged "
Mortality-022,ANT-GAV-033,01/28/2023,M,46,NA,NA,NA,NA,NA,NA,NA,NA,NA,NA,14,,JV,"- Most eggs are spawned, but there are a handful of stunted eggs in stages G and L--more in stage L than G
- A lot of juvenile nicos, when not moving they specifically rest on stunted eggs"
Mortality-023,ANT-GAV-034,01/28/2023,I,36,8,1158,1123,12,23,35,4,4,173,1,14,"ANT-GAV-034-Mortality-023_01282023_1_45_NP
",NP,"- Very few eggs were stunted, and very few had hatched completely. Most at stage I with only a small amount behind that. Nico eggs plentiful, in small stacks.
- Very few mobile Nicos, only four adults and Juveniles seen. 
- Two Nicos were very large, and one of them was almost entierly light pink. Possibly pregnant Nico waiting to spawn on the fascicle."
Mortality-024,ANT-GAV-035,01/28/2023,M,46,NA,NA,NA,NA,NA,NA,NA,NA,NA,NA,14,,JV,"- Lots of nemertean eggs (~6 long sacks)
- Approximately 2-3 stunted eggs per fasicle
- Most stunted eggs appeared to be in stages F, G, and K (dominant stage is F)
- Some juvenile nicos present, no adults
- Lots of ""egg mites"" present"
Mortality-025,ANT-GAV-036,01/29/2023,K,41,4,1177,1128,26,23,49,0,8,21,1,12,ANT-GAV-036_Mortality-025_01292023_1_30_JO,JO,"-overall the eggs look to be in good conditions with no adult nicos present
-there are nemertean eggs present 
-a lot of the damaged eggs were purple or very deformed looking "
Mortality-026,ANT-GAV-037,01/29/2023,L,43,5,1646,336,216,1094,1310,7,518,1160,2,12,"ANT-GAV-037_Mortality-026_01292023_1_12_JO
ANT-GAV-037_Mortality-026_01292023_2_12_JO
ANT-GAV-037_Mortality-026_01292023_3_12_JO
ANT-GAV-037_Mortality-026_01292023_4_45_JO
ANT-GAV-037_Mortality-026_01292023_5_45_JO
ANT-GAV-037_Mortality-026_01292023_6_45_JO
ANT-GAV-037_Mortality-026_01292023_7_45_JO
ANT-GAV-037_Mortality-026_01292023_8_20_JO
ANT-GAV-037_Mortality-026_01292023_9_45_JO
ANT-GAV-037_Mortality-026_01292023_10_20_JO
ANT-GAV-037_Mortality-026_01292023_11_45_JO
ANT-GAV-037_Mortality-026_01292023_12_45_JO
ANT-GAV-037_Mortality-026_01292023_13_45_JO
ANT-GAV-037_Mortality-026_01292023_14_45_JO",JO,"-highly highly infested; this is even evident with the naked eye when comparing the eggs from 036 and 037 which are at the same point in development 
-photo of an adult with juvenile
-took photos of full egg masses with camera
-really good photo of adult with eye spot in late development
-level of infestation makes determining the EDS challenging but based on timeline and egg groups this is believed to be in L or maybe late K but it is very hard to tell at this point (included a video of a definte viable egg)
-there are also nemerteans and nemertean eggs 
-image with insane amounts of stunting and there are many eggs is very different stages
-there was some bacterial growth on unhatched nico eggs 
-a lot of the damaged eggs are different colors (brown, opague white)
-images of damaged eggs= dark eggs, popped eggs, opague white eggs"
Mortality-027,ANT-GAV-038,01/29/2023,K,42,8,1225,1154,26,45,71,2,227,157,0,12,"ANT-GAV-038_Mortality-027_01292023_1_30_JO
ANT-GAV-038_Mortality-027_01292023_2_30_JO
ANT-GAV-038_Mortality-027_01292023_3_45_JO
ANT-GAV-038_Mortality-027_01292023_4_12_JO 
ANT-GAV-038_Mortality-027_01292023_5_12_JO
ANT-GAV-038_Mortality-027_01292023_6_12_JO 
ANT-GAV-038_Mortality-027_01292023_7_20_JO",JO,"-viable eggs appear to be in K stage development 
-all of the eggs in the 3 pictures have heartbeats
-there are nemertean eggs 
-overall the eggs look pretty good (can use as reference for 037)"
Mortality-028,ANT-GAV-030,01/30/2023,M,46,NA,NA,NA,NA,NA,NA,NA,NA,NA,NA,14,NA,NP,"- Crab eggs hatched completely, with ocasional stunted crab located within certain areas. Juvenile Niccos present within empty egg fascicles, but otherwise little to no activity. Fewer Niccos than expected in these areas. "
Mortality-029,ANT-GAV-031,01/30/2023,K,43,7,1953,1828,120,5,125,0,194,0,0,14,"ANT-GAV-031-Mortality-029_01302023_2_45_NP
ANT-GAV-031-Mortality-029_01302023_1_45_NP",NP,"- Cluster of viable Nemertean Eggs spotted, although very small.
- Eggs heavily infested with prokaryotes, as well as egg fleas
- Hatched crab larvae behaving strangely, very nerotic movements 
- Many Juveniles present, but no adults or nemerteans spotted at all within sample. "
Mortality-030,ANT-GAV-034,01/31/2023,I,39,7,1097,793,219,85,304,12,511,564,0,12,"ANT-GAV-034_Mortality-030_01312023_1_30_JO
ANT-GAV-034_Mortality-030_01312023_2_30_JO
ANT-GAV-034_Mortality-030_01312023_3_30_JO
ANT-GAV-034_Mortality-030_01312023_4_45_JO
ANT-GAV-034_Mortality-030_01312023_5_45_JO",JO,"-this is late stage I development; there is just a little bit remaining of the four lobes but they are still present 
-picture of an egg with a bunch of bacteria or mites (image 5)
-there are a lot of nemertean eggs present
-the eggs are still looking generally well but they are clearly more signs of damge and eggs that are partially drained, popped, or stunted "
Mortality-031,ANT-GAV-037,02/01/2023,M,46,5,NA,NA,NA,NA,NA,NA,NA,NA,NA,12,"ANT-GAV-037_Mortality-031_02012023_1_10_JO
ANT-GAV-037_Mortality-031_02012023_2_20_JO
ANT-GAV-037_Mortality-031_02012023_3_30_JO
ANT-GAV-037_Mortality-031_02012023_4_45_JO
ANT-GAV-037_Mortality-031_02012023_5_45_JO",JO,"-there are a large amount of eggs that did not hatch and within those eggs are a lot of juveniles still alive that have not moved up to the gills 
-will be interesting to see how many nicos still remaining in the gills 
-there are still adults ovipositing more eggs"
Mortality-032,ANT-GAV-038,02/01/2023,M,46,4,NA,NA,NA,NA,NA,NA,NA,NA,NA,12,ANT-GAV-038_Mortality-032_02012023_1_10_JO,JO,"-there are significantly less juveniles in these eggs and less that did not properly hatch
-there are some but very few copepodids
-there are some unhatched nico eggs but no adult nicos seen "
Mortality-033,ANT-GAV-031,02/02/2023,M,46,NA,NA,NA,NA,NA,NA,NA,NA,NA,NA,12,,JO,-all of the eggs were already removed from her fascicles
Mortality-034,ANT-GAV-034,02/03/2023,K,42,7,1198,1128,6,64,70,4,457,504,1,12,ANT-GAV-034_Mortality-034_02032023_1_45_JV,JV,"- SO MANY JUVIES, though eggs were suprisingly healthy all around
- Most stunted eggs were only in development stage J
- Lots of nemertean eggs
- Nico eggs were highly developed, just about all of them had pronounced eye shapes and even body formations"
Mortality-037,ANT-GAV-034,02/06/2023,M,45,NA,NA,NA,NA,NA,NA,NA,NA,NA,NA,11,NA,NP,"-34's last observation day. Mostly spawned eggs, so damaged egg count is unreliable 
-Many Nico eggs, some possibly preparing to spawn, as their development within the eggs is further progressed than the others
- No adult Nicos present, and no active naupli "
Mortality-038.1,ANT-GAV-046,02/06/2023,F,25,7,1661,1642,10,9,19,0,2,12,2,12,"ANT-GAV-046_Mortality-038.1_02062023_1_30_JO
ANT-GAV-046_Mortality-038.1_02062023_2_45_JO
ANT-GAV-046_Mortality-038.1_02062023_3_45_JO
ANT-GAV-046_Mortality-038.1_02062023_4_20_JO",JO,"-there are not a lot of damaged eggs present in the sample
-no adult nicos but there are nico eggs present and evidence of stunted eggs "
Mortality-039.1,ANT-GAV-047,02/06/2023,F,26,2,1394,1383,7,4,11,0,1,13,0,12,"ANT-GAV-047_Mortality-039.1_02062023_1_30_JO
ANT-GAV-047_Mortality-039.1_02062023_2_15_JO
ANT-GAV-047_Mortality-039.1_02062023_3_45_JO
ANT-GAV-047_Mortality-039.1_02062023_4_45_JO",JO,"-the eggs look really healthy and there is not a lot of damage present
-there are nico eggs but no really presence observed "
Mortality-040,ANT-GAV-042,02/07/2023,G,29,8,1208,1171,6,31,37,2,1,16,0,12,"ANT-GAV-042_Mortality-040_02072023_1_30_JO
ANT-GAV-042_Mortality-040_02072023_2_45_JO
ANT-GAV-042_Mortality-040_02072023_3_45_JO
ANT-GAV-042_Mortality-040_02072023_4_45_JO
ANT-GAV-042_Mortality-040_02072023_5_45_JO
ANT-GAV-042_Mortality-040_02072023_6_45_JO
ANT-GAV-042_Mortality-040_02072023_7_45_JO
ANT-GAV-042_Mortality-040_02072023_8_45_JO
ANT-GAV-042_Mortality-040_02072023_9_45_JO",JO,"-overall the eggs look to be really healthy with no nemerteans present and a few nicos 
-got some good pics
-there is a nico in the last pic"
Mortality-041,ANT-GAV-046,02/09/2023,G,28,3,1178,1162,12,4,16,1,0,2,3,14,"ANT-GAV-042_Mortality-041_02092023_1_45_JV
ANT-GAV-042_Mortality-041_02092023_2_45_JV",JV,"- Very healthy eggs, though there is a discernable amount of microplastics in the sample
- One young adult nico present"
Mortality-042,ANT-GAV-047,02/09/2023,G,29,7,1390,1388,1,1,2,0,0,13,1,14,"ANT-GAV-047_Mortality-042_02092023_1_45_JV
ANT-GAV-047_Mortality-042_02092023_2_45_JV",JV,"- Very healthy eggs
- One small nemertean, no nicos seen just eggs"
Mortality-043,ANT-GAV-044,02/09/2023,F,25,6,1583,1573,9,1,10,0,0,2,0,14,"ANT-GAV-044_Mortality-043_02092023_1_45_JV
ANT-GAV-044_Mortality-043_02092023_2_45_JV",JV,"- Saw nemertean casting but no live nemerteans in sample
- Many eggs still seem to be in E stage, but it is too soon to call them stunted yet; just keep an eye on them"
Mortality-044,ANT-GAV-042,02/10/2023,H,32,5,1479,1447,7,25,32,0,0,0,0,14,"ANT-GAV-042_Mortality-044_02102023_1_45_JV
ANT-GAV-042_Mortality-044_02102023_2_45_JV
ANT-GAV-042_Mortality-044_02102023_3_45_JV",JV,"- Saw nemertean eggs but no nico eggs
- Not much to report, most damaged eggs were stunted and in stages A and B"
Mortality-045,ANT-GAV-048,02/11/2023,F,25,7,1978,1964,8,6,14,1,0,33,0,14,"ANT-GAV-048_Mortality-045_02112023_1_45_JV
ANT-GAV-048_Mortality-045_02112023_2_45_JV",JV,- One adult nico who was carrying two eggs
Mortality-046,ANT-GAV-046,02/12/2023,H,31,7,1086,1064,9,13,22,0,0,127,1,12,ANT-GAV-046_Mortality-046_02122023_1_20_JO,JO,-overall the eggs look really healthy but there are more nico eggs for sure
Mortality-047,ANT-GAV-047,02/12/2023,I,32,8,1047,1035,10,2,12,0,0,19,0,12,ANT-GAV-047_Mortality-047_02122023_1_20_JO,JO,-overall the eggs look very healthy and there are not many nico eggs 
Mortality-048,ANT-GAV-044,02/12/2023,G,28,5,1349,1329,10,10,20,1,0,6,4,12,ANT-GAV-044_Mortality-048_02122023_1_25_JO,JO,-overall the eggs look really healthy 
Morality-049,ANT-GAV-042,02/13/2023,I,35,2,1621,1573,12,36,48,1,2,46,1,12,"ANT-GAV-042_Mortality-049_02132023_1_25_JO
ANT-GAV-042_Mortality-049_02132023_2_45_JO
ANT-GAV-042_Mortality-049_02132023_3_45_JO
ANT-GAV-042_Mortality-049_02132023_4_45_JO",JO,"-the eggs are still looking really healthy with a slight increase in the number of stunted eggs
-there are some good nico pics"
Mortality-050,ANT-GAV-048,02/14/2023,G,28,6,1099,1039,26,34,60,0,0,7,1,12,"ANT-GAV-048_Mortality-050_02142023_1_45_JO
ANT-GAV-048_Mortality-050_02142023_2_45_JO
ANT-GAV-048_Mortality-050_02142023_3_45_JO",JO,"-overall the eggs look healthy 
-picture with an example of a stunted egg, partially drained eggs, and healthy eggs
-picture of another nonviable egg"
Mortality-051,ANT-GAV-046,02/15/2023,I,34,5,1309,1293,10,6,16,3,0,37,1,12,"ANT-GAV-046_Mortality-051_02152023_1_20_JO
ANT-GAV-046_Mortality-051_02152023_2_45_JO",JO,-the eggs look pretty healthy but not as good as 044 today 
Mortality-052,ANT-GAV-047,02/15/2023,I,35,8,1271,1261,7,3,10,0,1,47,0,12,ANT-GAV-047_Mortality-052_02152023_1_20_JO,JO,-looking really good 
Mortality-053,ANT-GAV-044,02/15/2023,I,33,1,1023,1016,5,2,7,0,0,7,0,12,ANT-GAV-044_Mortality-053_02142023_1_30_JO,JO,-overall the eggs look really healthy 
Mortality-054,ANT-GAV-045,02/16/2023,F,26,4,1746,1566,79,101,180,87,3,1435,0,12,"ANT-GAV-045_Mortality-054_02162023_1_45_JV
ANT-GAV-045_Mortality-054_02162023_2_45_JV
ANT-GAV-045_Mortality-054_02162023_3_45_JV",JV,"- Almost all damaged eggs were dented
- Notice of error: while the eggs are clearly in stage F, the color of the crab eyespots is still pretty light so it was a bit hard to destinguish between F and E stunted eggs. E/D was the most common stage eggs were stunted in
- Interesting variation between nico colors; most were orange, but I did spot a red and a pink nico and even a nico that almost appeared clear"
Mortality-055,ANT-GAV-042,02/16/2023,I,38,7,1775,1591,3,181,184,2,0,12,0,12,"ANT-GAV-042_Mortality-055_02162023_1_45_JV
ANT-GAV-042_Mortality-055_02162023_2_45_JV
ANT-GAV-042_Mortality-055_02162023_3_45_JV",JV,- Not much out of the ordinary to report. Decent amount of stunted eggs all in early stages of development
Mortality-056,ANT-GAV-048,02/17/2023,H,31,8,1652,1623,20,9,29,0,0,0,0,12,"ANT-GAV-048_Mortality-056_02172023_1_45_JV
ANT-GAV-048_Mortality-056_02172023_2_45_JV",JV,- Found a weird black specked mite
Mortality-057,ANT-GAV-044,02/18/2023,I,34,3,1328,1312,12,4,16,0,0,9,0,12,"ANT-GAV-044_Mortality-057_02182023_1_45_JV
ANT-GAV-044_Mortality-057_02182023_2_45_JV",JV,"- All stunted eggs were in late development, which is more unusual than other cases of stunted eggs"
Mortality-058,ANT-GAV-046,02/18/2023,I,37,2,1694,1661,27,6,33,1,5,28,0,12,"ANT-GAV-046_Mortality-058_02182023_1_45_JV
ANT-GAV-046_Mortality-058_02182023_2_45_JV",JV,- No nemerteans but SO many nemertean eggs!
Mortality-059,ANT-GAV-047,02/18/2023,I,38,7,1303,1292,8,3,11,1,4,39,1,12,"ANT-GAV-047_Mortality-059_02182023_1_45_JV
ANT-GAV-047_Mortality-059_02182023_2_45_JV",JV,- Also lots of nemertean eggs
Mortality-060,ANT-GAV-042,02/19/2023,K,41,4,1649,1585,16,48,64,3,38,91,0,12,"ANT-GAV-042_Mortality-060_02192023_1_25_JO
ANT-GAV-042_Mortality-060_02192023_2_25_JO
ANT-GAV-042_Mortality-060_02192023_3_45_JO
ANT-GAV-042_Mortality-060_02192023_4_45_JO
ANT-GAV-042_Mortality-060_02192023_5_45_JO
ANT-GAV-042_Mortality-060_02192023_6_45_JO
ANT-GAV-042_Mortality-060_02192023_7_45_JO",JO,-overall the eggs are looking pretty good but there are quite a few stunted eggs
Mortality-061,ANT-GAV-045,02/19/2023,G,29,6,2949,719,1819,411,2230,117,0,3153,1,12,"ANT-GAV-045_Mortality-061_02192023_1_15_JO
ANT-GAV-045_Mortality-061_02192023_2_25_JO
ANT-GAV-045_Mortality-061_02192023_3_25_JO
ANT-GAV-045_Mortality-061_02192023_4_12_JO
ANT-GAV-045_Mortality-061_02192023_5_45_JO
ANT-GAV-045_Mortality-061_02192023_6_45_JO
ANT-GAV-045_Mortality-061_02192023_7_15_JO",JO,-the eggs are not healthy and the majority of the fascile is replaced by nico eggs
Mortality-062,ANT-GAV-048,02/20/2023,I,34,4,1923,1904,12,7,19,1,10,82,1,14,"ANT-GAV-048_Mortality-062_02202023_1_20_JO
ANT-GAV-048_Mortality-062_02202023_2_20_JO
ANT-GAV-048_Mortality-062_02202023_3_45_JO",JO,"-these eggs are looking really healthy overall
-the juveniles are starting to hatch"
Mortality-063,ANT-GAV-043,02/20/2023,F,24,5,1121,1114,7,0,7,1,0,37,0,14,"ANT-GAV-043_Mortality-063_02202023_1_25_JO
ANT-GAV-043_Mortality-063_02202023_2_45_JO",JO,-the eggs look really healthy
Mortality-064,ANT-GAV-044,02/21/2023,I,37,7,1674,1658,11,5,16,2,1,13,0,14,"ANT-GAV-044_Mortality-064_02212023_1_25_JO
ANT-GAV-044_Mortality-064_02212023_2_45_JO",JO,-the eggs are looking really healthy overall!
Mortality-065,ANT-GAV-046,02/21/2023,J,40,1,1774,1753,15,6,21,2,32,94,1,14,ANT-GAV-046_Mortality-065_02212023_1_30_JO,JO,-overall the eggs look pretty good and this is the first sign of lots of juvenile nicos 
Mortality-066,ANT-GAV-047,02/21/2023,J,41,7,1759,1744,10,5,15,4,13,123,1,14,"ANT-GAV-047_Mortality-066_02212023_1_45_JO
ANT-GAV-047_Mortality-066_02212023_2_45_JO
ANT-GAV-047_Mortality-066_02212023_3_45_JO
ANT-GAV-047_Mortality-066_02212023_4_45_JO
ANT-GAV-047_Mortality-066_02212023_5_45_JO",JO,-overall the eggs look pretty good and this is the first sign of lots of juvenile nicos 
Mortality-067,ANT-GAV-042,02/22/2023,M,44,NA,NA,NA,NA,NA,NA,NA,NA,NA,NA,12,NA,JO,"-overall it looks like most of the eggs hatched
-there is an adult nico and some juveniles nicos but there aren't many stunted eggs
-there are not many nico eggs"
Mortality-068,ANT-GAV-045,02/22/2023,I,32,4,1189,125,NA,NA,1064,74,0,2516,0,12,"ANT-GAV-045_Mortality-068_02222023_1_45_JO
ANT-GAV-045_Mortality-068_02222023_2_15_JO
ANT-GAV-045_Mortality-068_02222023_3_35_JO
ANT-GAV-045_Mortality-068_02222023_4_45_JO
ANT-GAV-045_Mortality-068_02222023_5_12_JO
ANT-GAV-045_Mortality-068_02222023_6_12_JO",JO,"-the level of infestation has become so high that there is no accurate way to discern between the types of nonviablity so it is just summed to being nonviable 
-there are going to be so many photos here (not all will be named/uploaded for now) 
-this is probably an underestimate of the number of nico eggs and an overestimate of the number of viable eggs"
Mortality-069,ANT-GAV-049,02/23/2023,F,24,6,1410,1397,8,5,13,0,0,10,0,12,"ANT-GAV-049_Mortality-069_02232023_1_45_JV
ANT-GAV-049_Mortality-069_02232023_2_45_JV",JV,- No nemerteans but saw two sheddings
Mortality-070,ANT-GAV-043,02/23/2023,G,27,3,1617,1598,9,10,19,2,0,61,0,12,"ANT-GAV-043_Mortality-070_02232023_1_45_JV
ANT-GAV-043_Mortality-070_02232023_2_45_JV
ANT-GAV-043_Mortality-070_02232023_3_45_JV",JV,- 5 of stunted crab eggs were all right next to each other and frozen at the same stage of B
Mortality-071,ANT-GAV-048,02/23/2023,I,37,3,1037,995,31,11,42,0,0,30,1,12,ANT-GAV-048_Mortality-071_02232023_1_45_JV,JV,"- Just one nemertean, but maybe one of the biggest ones I've ever seen"
Mortality-072,ANT-GAV-044,02/24/2023,J,40,5,1397,1380,10,7,17,0,0,20,2,12,"ANT-GAV-044_Mortality-072_02242023_1_45_JV
ANT-GAV-044_Mortality-072_02242023_2_45_JV",JV,"- There were a few eggs that were smaller than normal, these were counted as non-viable as they tended to lack yolk"
Mortality-073,ANT-GAV-046,02/24/2023,K,43,6,1402,1382,5,15,20,2,80,146,0,12,"ANT-GAV-046_Mortality-073_02242023_1_45_JV
ANT-GAV-046_Mortality-073_02242023_2_45_JV
ANT-GAV-046_Mortality-073_02242023_3_45_JV",JV,- One live hatched crab
Mortality-074,ANT-GAV-047,02/24/2023,K,44,1,1052,1005,11,36,47,1,31,73,0,12,"ANT-GAV-047_Mortality-074_02242023_1_45_JV
ANT-GAV-047_Mortality-074_02242023_2_45_JV",JV,"- Most damage seems to be done by nicos, as there are few empty eggs and mostly just stunted development"
Mortality-075,ANT-GAV-045,02/25/2023,I,35,1,1387,261,NA,NA,1126,42,1,2473,0,12,"ANT-GAV-045_Mortality-075_02252023_1_45_JV
ANT-GAV-045_Mortality-075_02252023_2_45_JV
ANT-GAV-045_Mortality-075_02252023_3_45_JV",JV,"- Terrible damage, as per usual"
Mortality-076,ANT-GAV-043,02/26/2023,I,30,1,1084,1069,7,8,15,1,0,22,1,14,"ANT-GAV-043_Mortality-076_02262023_1_20_JO
ANT-GAV-043_Mortality-076_02262023_2_12_JO",JO,-overall the eggs look really healthy and there is not much damage
Mortality-077,ANT-GAV-048,02/26/2023,J,40,7,1577,1512,41,24,65,0,4,32,5,14,"ANT-GAV-048_Mortality-077_02262023_1_45_JO
ANT-GAV-048_Mortality-077_02262023_2_45_JO
ANT-GAV-048_Mortality-077_02262023_3_25_JO",JO,"-overall the eggs look really healthy and there is not much damage
-there are more nemerteans than normal"
Mortality-078,ANT-GAV-049,02/26/2023,F,27,3,2006,1997,5,4,9,4,2,39,0,14,ANT-GAV-049_Mortality-078_02262023_1_15_JO,JO,-overall the eggs look healthy but it is really early in development and there might be more nicos soon 
Mortality-079,ANT-GAV-044,02/27/2023,K,42,8,1450,1423,21,6,27,0,11,6,0,12,ANT-GAV-044_Mortality-079_02272023_1_12_JO,JO,-the eggs look healthy and will be hatching soon
Mortality-080,ANT-GAV-046,02/27/2023,M,46,NA,NA,NA,NA,NA,NA,NA,NA,NA,NA,12,"ANT-GAV-046_Mortality-080_02272023_1_12_JO
ANT-GAV-046_Mortality-080_02272023_2_35_JO",JO,-pictures of what normal empty eggs look like for comparison to 045
Mortality-081,ANT-GAV-045,02/28/2023,K,38,2,1947,32,NA,NA,1915,56,102,4267,0,14,"ANT-GAV-045_Mortality-081_02282023_1_45_JO
ANT-GAV-045_Mortality-081_02282023_2_225_JO
ANT-GAV-045_Mortality-081_02282023_3_20_JO
ANT-GAV-045_Mortality-081_02282023_4_12_JO
ANT-GAV-045_Mortality-081_02282023_5_12_JO
ANT-GAV-045_Mortality-081_02282023_6_10_JO",JO,"-the eggs have reached a point where there is so much damage that even the nico eggs are being overtaken by fungus and bacteria
-it is hard to tell what stage should be viable because most are unviable; so the timeline is used to determine the eds (this is probably a generous number for the viable eggs)
-video of nauplii hatching
-lots of photos/video taken that were not uploaded yet"
Mortality-082,ANT-GAV-043,03/01/2023,I,33,2,1600,1588,5,7,12,0,0,4,1,14,"ANT-GAV-043_Mortality-082_03012023_1_25_JO
ANT-GAV-043_Mortality-082_03012023_2_20_JO",JO,-overall the eggs are looking really healthy 
Mortality-083,ANT-GAV-048,03/01/2023,K,43,6,1460,1402,38,20,58,0,18,34,0,14,"ANT-GAV-048_Mortality-083_03012023_1_15_JO
 ANT-GAV-048_Mortality-083_03012023_2_15_JO
ANT-GAV-048_Mortality-083_03012023_3_20_JO
ANT-GAV-048_Mortality-083_03012023_4_45_JO
ANT-GAV-048_Mortality-083_03012023_5_45_JO",JO,"-good photos for contrast with 045 in stage K
-taken with 1.5x lens in camera "
Mortality-084,ANT-GAV-049,03/01/2023,G,30,5,1433,1409,17,7,24,4,0,143,1,14,"ANT-GAV-049_Mortality-084_03012023_1_20_JO
ANT-GAV-049_Mortality-084_03012023_2_45_JO
 ANT-GAV-049_Mortality-084_03012023_3_45_JO
ANT-GAV-049_Mortality-084_03012023_4_45_JO",JO,"-overall the eggs are looking pretty good so far, but I see that changing "
Mortality-085,ANT-GAV-044,03/02/2023,M,45,NA,NA,NA,NA,NA,NA,NA,NA,NA,NA,14,"ANT-GAV-044_Mortality-085_03022023_1_15_JO
ANT-GAV-044_Mortality-085_03022023_2_30_JO",JO,-most of the larvae spawned out and there are photos that can be used in reference to 045
Mortality-086,ANT-GAV-045,03/03/2023,L,41,8,1139,10,NA,NA,1129,6,58,2256,2,14,"ANT-GAV-045_Mortality-086_03032023_1_45_JV
ANT-GAV-045_Mortality-086_03032023_2_45_JV
ANT-GAV-045_Mortality-086_03032023_3_45_JV
ANT-GAV-045_Mortality-086_03032023_4_45_JV",JV,"- Almost nothing is viable
- Decrease in overall nico and egg counts though"
Mortality-087,ANT-GAV-048,03/04/2023,M,46,NA,NA,NA,NA,NA,NA,NA,NA,NA,NA,14,NA,JO,"-nothing much to note
-looks pretty normal"
Mortality-088,ANT-GAV-043,03/04/2023,I,36,4,1352,1326,15,11,26,14,13,143,1,14,"ANT-GAV-043_Mortality-088_03042023_1_45_JO
ANT-GAV-043_Mortality-088_03042023_2_20_JO",JO,-looking pretty good 
Mortality-089,ANT-GAV-049,03/04/2023,I,33,6,1372,1319,41,12,53,5,4,260,1,14,"ANT-GAV-049_Mortality-089_03042023_1_45_JO
ANT-GAV-049_Mortality-089_03042023_2_25_JO",JO,-overall the eggs look good but there is definetely more evidence of nonviable eggs than 043
Mortality-090,ANT-GAV-045,03/06/2023,M,NA,7,NA,NA,NA,NA,NA,2,7,NA,0,14,"ANT-GAV-045_Mortality-090_03062023_1_45_JV
ANT-GAV-045_Mortality-090_03062023_2_45_JV
ANT-GAV-045_Mortality-090_03062023_3_45_JV
ANT-GAV-045_Mortality-090_03062023_4_45_JV
ANT-GAV-045_Mortality-090_03062023_5_45_JV
ANT-GAV-045_Mortality-090_03062023_6_45_JV",JV,"- Most of the eggs, damaged and those with the slight possible of viability, are disintegrating
- Even the nico eggs are fuzzing over, making it impossible to count the amount present
- Take the juvenile count with a grain of salt, many were not in great condition either, I saw one alive
- Both adults were alive and on the same fasicle"
Mortality-091,ANT-GAV-043,03/07/2023,I,39,4,1406,1367,23,16,39,3,19,136,2,12,"ANT-GAV-043_Mortality-091_03072023_1_45_JO
ANT-GAV-043_Mortality-091_03072023_2_20_JO",JO,- overall look decent 
Mortality-092,ANT-GAV-049,03/07/2023,I,36,6,1177,1129,34,14,48,5,4,158,3,12,"ANT-GAV-049_Mortality-092_03072023_2_20_JO
ANT-GAV-049_Mortality-092_03072023_1_45_JO",JO,- the eggs look decent
Mortality-093,ANT-GAV-043,03/10/2023,J,42,2,1001,822,156,23,179,0,1,9,1,,,JV,"- Almost all damaged eggs were the completely empty, likely due to nemerteans
- Nemertean egg sack seen
- One live hatched egg
- Stunted eggs were in just about all possible developments"
Mortality-094,ANT-GAV-043,03/13/2023,K,45,5,2434,1866,NA,NA,568,19,342,1174,4,14,"ANT-GAV-049_Mortality-094_03122023_1_45_JO
ANT-GAV-049_Mortality-094_03122023_2_20_JO",JO,-the eggs look pretty infested and there are so many juveniles 
Mortality-095,ANT-GAV-054,04/02/2023,F,21,4,1880,1829,NA,NA,51,16,9,178,1,12,"ANT-GAV-054_Mortality-095_04022023_1_45_JO
ANT-GAV-054_Mortality-095_04022023_2_45_JO
ANT-GAV-054_Mortality-095_04022023_3_45_JO
ANT-GAV-054_Mortality-095_04022023_4_45_JO",JO,-overall the eggs are looking good but there are quite a lot of nicos for this stange so that will likely change
Mortality-096,ANT-GAV-057,04/02/2023,F,24,6,1566,1522,NA,NA,44,3,0,74,1,12,,JO,"-overall these eggs look better than 054 in general but show high signs of damage (I think this is more of a sample than oveall representation though)
-accidentally ethanoled before I took any photos :/"
Mortality-097,ANT-GAV-054,04/05/2023,F,24,8,1520,1488,NA,NA,32,3,0,107,0,12,"ANT-GAV-054_Mortality-097_04052023_1_45_JV
ANT-GAV-054_Mortality-097_04052023_2_45_JV
ANT-GAV-054_Mortality-097_04052023_3_45_JV",JV,- Most damaged eggs were stunted eggs
Mortality-098,ANT-GAV-057,04/05/2023,G,27,2,1489,1469,NA,NA,20,0,0,28,1,12,"ANT-GAV-057_Mortality-098_04052023_1_45_JV
ANT-GAV-057_Mortality-098_04052023_2_45_JV
ANT-GAV-057_Mortality-098_04052023_3_45_JV",JV,- Pretty even distribution of empty eggs and stunted eggs representing damaged eggs
Mortality-099,ANT-GAV-053,04/06/2023,F,22,3,1654,1602,NA,NA,52,15,0,557,0,12,"ANT-GAV-053_Mortality-099_04062023_1_20_JO
ANT-GAV-053_Mortality-099_04062023_2_45_JO
ANT-GAV-053_Mortality-099_04062023_3_45_JO",JO,-overall the eggs are looking pretty healthy but there are heaps of adult nicos and likely will see a further decrease
Mortality-100,ANT-GAV-055,04/07/2023,F,24,2,1227,1169,NA,NA,58,1,1,2,1,10,"ANT-GAV-055_Mortality-100_04072023_1_45_JV
ANT-GAV-055_Mortality-100_04072023_2_45_JV
ANT-GAV-055_Mortality-100_04072023_3_45_JV",JV,"- almost all damaged eggs were stunted eggs in A/B development
- very bizarre how there were almost no nico eggs present, but not really any juveniles with an adult present"
Mortality-101,ANT-GAV-054,04/08/2023,G,27,3,1300,1257,NA,NA,43,4,1,278,0,12,"ANT-GAV-054_Mortality-101_04082023_1_45_JV
ANT-GAV-054_Mortality-101_04082023_2_45_JV",JV,
Mortality-102,ANT-GAV-057,04/08/2023,I,30,6,1131,1085,NA,NA,46,3,4,120,0,12,"ANT-GAV-057_Mortality-102_04082023_1_45_JV
ANT-GAV-057_Mortality-102_04082023_2_45_JV
ANT-GAV-057_Mortality-102_04082023_3_45_JV",JV,
Mortality-103,ANT-GAV-053,04/09/2023,F,25,5,1319,1265,NA,NA,54,11,0,571,3,12,"ANT-GAV-053_Mortality-103_04092023_1_45_JO
ANT-GAV-053_Mortality-103_04092023_2_45_JO
ANT-GAV-053_Mortality-103_04092023_3_45_JO",JO,"-overall the eggs are looking pretty healthy 
-there are some nice images of different sizes of adult nicos in here
-there are some that are in G a little bit so this is the very very end of F"
Mortality-104,ANT-GAV-050,04/09/2023,F,25,1,1088,1037,NA,NA,51,5,2,348,4,12,"ANT-GAV-050_Mortality-104_04092023_1_45_JO
ANT-GAV-050_Mortality-104_04092023_2_45_JO",JO,-there are some pretty drained eggs in here but there appears to be less adults that 053 but seemingly more damage? we will see what the numbers say 
Mortality-105,ANT-GAV-055,04/10/2023,F,27,6,1311,1292,NA,NA,19,1,0,35,1,12,ANT-GAV-055_Mortality-105_04102023_1_45_JO,JO,-there are not a lot of damaged eggs and they look pretty healthy overall
Mortality-106,ANT-GAV-054,04/11/2023,H,30,1,1247,1229,NA,NA,18,0,0,7,0,12,"ANT-GAV-054_Mortality-106_04112023_1_45_JV
ANT-GAV-054_Mortality-106_04112023_2_45_JV",JV,
Mortality-107,ANT-GAV-057,04/11/2023,I,33,7,1304,1264,NA,NA,40,4,9,316,0,12,"ANT-GAV-057_Mortality-107_04112023_1_45_JV
ANT-GAV-057_Mortality-107_04112023_2_45_JV",JV,
Mortality-108,ANT-GAV-059,04/11/2023,F,23,5,1170,1128,NA,NA,42,0,0,0,0,12,"ANT-GAV-059_Mortality-108_04112023_1_45_JV
ANT-GAV-059_Mortality-108_04112023_2_45_JV
ANT-GAV-059_Mortality-108_04112023_3_45_JV",JV,"- extremely healthy, nothing to report"
Mortality-109,ANT-GAV-050,04/12/2023,G,28,6,1187,1170,NA,NA,17,1,16,102,0,12,"ANT-GAV-050_Mortality-109_04122023_1_45_JV
ANT-GAV-050_Mortality-109_04122023_2_45_JV",JV,- many stunted eggs
Mortality-110,ANT-GAV-053,04/12/2023,G,28,3,1028,959,NA,NA,69,6,5,594,0,12,"ANT-GAV-053_Mortality-110_04122023_1_45_JV
ANT-GAV-053_Mortality-110_04122023_2_45_JV
ANT-GAV-053_Mortality-110_04122023_3_45_JV",JV,"- damaged eggs were mostly missing yolks
- many ebryonic juvies, almost fully formed"
Mortality-111,ANT-GAV-052,04/13/2023,F,,2,1000,998,NA,NA,2,3,0,211,0,12,"ANT-GAV-052_Mortality-111_04132023_1_45_JV
ANT-GAV-052_Mortality-111_04132023_2_45_JV",JV,
Mortality-112,ANT-GAV-054,04/14/2023,I,33,1,1069,986,NA,NA,83,1,11,43,0,12,"ANT-GAV-054_Mortality-112_04142023_1_45_JV
ANT-GAV-054_Mortality-112_04142023_2_45_JV
ANT-GAV-054_Mortality-112_04142023_3_45_JV",JV,"- mostly stunted eggs for damage, a few eggs without any yolks"
Mortality-113,ANT-GAV-057,04/14/2023,I,36,4,1027,980,NA,NA,47,0,23,119,0,12,"ANT-GAV-057_Mortality-113_04142023_1_45_JV
ANT-GAV-057_Mortality-113_04142023_2_45_JV",JV,"- very few stunted eggs, most damage came from lacking yolk or the egg being abnormally small"
Mortality-114,ANT-GAV-059,04/14/2023,G,26,5,1167,1124,NA,NA,43,0,1,0,0,12,"ANT-GAV-059_Mortality-114_04142023_1_45_JV
ANT-GAV-059_Mortality-114_04142023_2_45_JV
ANT-GAV-059_Mortality-114_04142023_3_45_JV",JV,"- early stages of G, still a considerable amount in stage F
- basically all damaged eggs were stunted in A"
Mortality-115,ANT-GAV-050,04/15/2023,I,31,2,1032,1008,NA,NA,24,3,3,124,1,14,"ANT-GAV-050_Mortality-115_04152023_1_45_JV
ANT-GAV-050_Mortality-115_04152023_2_45_JV",JV,"- not much to note, pretty healthy with low level infection"
Mortality-116,ANT-GAV-053,04/15/2023,I,31,6,1097,1043,NA,NA,54,3,30,413,0,14,"ANT-GAV-053_Mortality-116_04152023_1_45_JV
ANT-GAV-053_Mortality-116_04152023_2_45_JV",JV,"- many nico eggs on the verge of hatching
- all three adult nicos were centralized to one fasicle"
Mortality-117,ANT-GAV-052,04/16/2023,G,28,2,1058,1026,NA,NA,32,3,0,468,0,10,"ANT-GAV-052_Morality-117_04162023_1_45_JV
ANT-GAV-052_Morality-117_04162023_2_45_JV",JV,"- adult/juvenile intermediate nico; looks like an adult but is quick with a tail, male or just a young adult?"
Mortality-118,ANT-GAV-055,04/16/2023,G,30,3,1023,990,NA,NA,33,0,6,36,0,10,"ANT-GAV-055_Morality-118_04162023_1_45_JV
ANT-GAV-055_Morality-118_04162023_2_45_JV",JV,
Mortality-119,ANT-GAV-054,04/17/2023,I,36,6,1464,1302,NA,NA,162,11,186,825,2,12,ANT-GAV-054_Mortality-119_04172023_1_45_JO,JO,-quite a lot of nonviable eggs seen in this sample
Mortality-120,ANT-GAV-057,04/17/2023,J,39,6,1236,1190,NA,NA,46,2,45,171,0,12,"ANT-GAV-057_Mortality-120_04172023_1_45_JO
ANT-GAV-057_Mortality-120_04172023_2_45_JO",JO,"-overall the eggs are looking really healthy with not too many adults 
-good photos with all three life stages present "
Mortality-121,ANT-GAV-059,04/17/2023,H,29,2,1069,1047,NA,NA,22,5,0,36,5,12,"ANT-GAV-059_Mortality-121_04172023_1_45_JO
ANT-GAV-059_Mortality-121_04172023_2_45_JO",JO,-they are looking pretty good looking 
Mortality-122,ANT-GAV-053,04/18/2023,I,34,6,1132,1099,NA,NA,33,3,430,428,0,12,"ANT-GAV-053_Morality-122_04182023_1_45_JV
ANT-GAV-053_Morality-122_04182023_2_45_JV",JV,- shockingly low amount of damage for the atrocious amount of juvenile nicos present
Mortality-123,ANT-GAV-050,04/18/2023,I,34,7,1005,916,NA,NA,89,0,4,99,0,12,"ANT-GAV-050_Morality-123_04182023_1_45_JV
ANT-GAV-050_Morality-123_04182023_2_45_JV",JV,"- almost all damage is due to algae
- lots of mites present
- some of the algae-filled eggs are dissolving"
Mortality-124,ANT-GAV-056,04/18/2023,F,26,8,1020,989,NA,NA,31,0,0,0,1,12,"ANT-GAV-056_Morality-124_04182023_1_45_JV
ANT-GAV-056_Morality-124_04182023_2_45_JV",JV,- overall appears quite healthy
Mortality-125,ANT-GAV-052,04/19/2023,I,31,4,1130,911,NA,NA,219,11,30,1073,0,12,"ANT-GAV-052_Mortality-125_04192023_1_45_JV
ANT-GAV-052_Mortality-125_04192023_2_45_JV
ANT-GAV-052_Mortality-125_04192023_3_45_JV",JV,- many of the juvies were barely hatched
Mortality-126,ANT-GAV-055,04/19/2023,I,33,7,1033,999,NA,NA,34,0,0,0,0,12,"ANT-GAV-055_Mortality-126_04192023_1_45_JV
ANT-GAV-055_Mortality-126_04192023_2_45_JV",JV,
Mortality-127,ANT-GAV-054,04/20/2023,I,39,6,1687,1451,NA,NA,236,8,162,839,0,12,"ANT-GAV-054_Mortality-127_04202023_1_100_JO
ANT-GAV-054_Mortality-127_04202023_2_100_JO
ANT-GAV-054_Mortality-127_04202023_3_45_JO
ANT-GAV-054_Mortality-127_04202023_4_225_JO
ANT-GAV-054_Mortality-127_04202023_5_225_JO",JO,"-there are more nonviable eggs and more nico eggs and juveniles 
-cool video of a juvenile after ethanol addition"
Mortality-128,ANT-GAV-057,04/20/2023,K,42,5,1392,1264,NA,NA,128,1,121,239,0,12,"ANT-GAV-057_Mortality-128_04202023_1_45_JO
ANT-GAV-057_Mortality-128_04202023_2_45_JO
ANT-GAV-057_Mortality-128_04202023_3_100_JO
ANT-GAV-057_Mortality-128_04202023_4_100_JO",JO,"-defientely more damage is evident but not too bad
-good single nico images at 100x"
Mortality-129,ANT-GAV-059,04/20/2023,I,32,1,1105,1070,NA,NA,35,3,0,37,0,12,"ANT-GAV-059_Mortality-129_04202023_1_45_JO
ANT-GAV-059_Mortality-129_04202023_2_45_JO",JO,-the eggs are looking healthy
Mortality-130,ANT-GAV-050,04/21/2023,I,37,7,1060,956,NA,NA,104,3,20,103,0,14,"ANT-GAV-050_Mortality-130_042102023_1_45_JV
ANT-GAV-050_Mortality-130_042102023_2_45_JV
ANT-GAV-050_Mortality-130_042102023_3_45_JV
ANT-GAV-050_Mortality-130_042102023_4_45_JV",JV,- continues to be very algae-ridden
Mortality-131,ANT-GAV-053,04/21/2023,I,37,8,1056,566,NA,NA,490,0,122,1097,0,14,"ANT-GAV-053_Mortality-131_042102023_1_45_JV
ANT-GAV-053_Mortality-131_04212023_2_45_JV",JV,
Mortality-132,ANT-GAV-056,04/21/2023,G,29,1,1064,1046,NA,NA,18,1,0,1,0,14,"ANT-GAV-056_Mortality-132_04212023_1_45_JV
ANT-GAV-056_Mortality-132_04212023_2_45_JV",JV,
Mortality-134,ANT-GAV-055,04/22/2023,I,36,6,1140,1089,NA,NA,51,0,11,10,0,12,"ANT-GAV-055_Mortality-134_04222023_1_45_JV
ANT-GAV-055_Mortality-134_04222023_2_45_JV
ANT-GAV-055_Mortality-134_04222023_3_45_JV",JV,
Mortality-135,ANT-GAV-054,04/23/2023,K,42,1,1547,1208,NA,NA,339,13,341,893,2,12,"ANT-GAV-054_Mortality-135_04232023_1_225_JO
ANT-GAV-054_Mortality-135_04232023_2_225_JO
ANT-GAV-054_Mortality-135_04232023_3_45_JO",JO,"-accidentally dropped 054; she losts some pleopods but I think she is fine overall...
-the eggs look not very healthy but there are still a good amount of viable eggs present 
-pics of a really pink nico"
Mortality-136,ANT-GAV-057,04/23/2023,M,45,NA,NA,NA,NA,NA,NA,NA,NA,NA,NA,12,NA,JO,-spawned and cleaned out eggs
Mortality-137,ANT-GAV-059,04/23/2023,I,35,8,1090,966,NA,NA,124,2,3,68,4,12,"ANT-GAV-059_Mortality-137_04232023_1_45_JO
ANT-GAV-059_Mortality-137_04232023_2_45_JO",JO,-overall the eggs look healthy and there are not many nicos easily seen but there are nemerteans 
Mortality-138,ANT-GAV-053,04/24/2023,K,40,5,1183,482,NA,NA,701,11,376,1410,0,12,"ANT-GAV-053_Mortality-138_04242023_1_20_JO
ANT-GAV-053_Mortality-138_04242023_3_45_JO
ANT-GAV-053_Mortality-138_04242023_4_225_JO
ANT-GAV-053_Mortality-138_04242023_5_45_JO
ANT-GAV-053_Mortality-138_04242023_6_15_JO",JO,"-it is very apparent that the ends of the fasicles have a higher viability than the middle of the egg mass where the nicos cluster
-not many viable eggs"
Mortality-139,ANT-GAV-050,04/24/2023,J,40,2,1023,614,NA,NA,409,9,261,696,6,12,"ANT-GAV-050_Mortality-139_04242023_1_45_JO
ANT-GAV-050_Mortality-139_04242023_2_45_JO
ANT-GAV-050_Mortality-139_04242023_3_45_JO",JO,"-insane amount of microbes swimming around the water; the eggs definetly don't look healthy
-lots of nemerteans too "
Mortality-140,ANT-GAV-056,04/24/2023,I,32,1,1232,1203,NA,NA,29,1,3,8,0,12,"ANT-GAV-056_Mortality-140_04242023_1_45_JO
ANT-GAV-056_Mortality-140_04242023_2_45_JO
ANT-GAV-056_Mortality-140_04242023_3_45_JO",JO,"-overall the eggs are looking very healthy!
-good pics of young adult"
Mortality-142,ANT-GAV-055,04/25/2023,I,39,3,1042,996,NA,NA,46,0,7,38,0,12,Unfortunately I don't think I took photos of this one,JV,"- a completely mite-filled egg present, though not too many in the surrounding space"
Mortality-143,ANT-GAV-054,04/26/2023,M,45,5,NA,NA,NA,NA,NA,NA,NA,NA,NA,12,"ANT-GAV-054_Mortality-143_04262023_1_45_JV
ANT-GAV-054_Mortality-143_04262023_2_45_JV
ANT-GAV-054_Mortality-143_04262023_3_45_JV",JV,
Mortality-144,ANT-GAV-059,04/26/2023,I,38,4,1056,1013,NA,NA,43,0,1,53,0,12,"ANT-GAV-059_Mortality-144_04262023_1_45_JV
ANT-GAV-059_Mortality-144_04262023_2_45_JV
ANT-GAV-059_Mortality-144_04262023_3_45_JV",JV,
Motrality-145,ANT-GAV-052,04/26/2023,I,38,6,1670,237,NA,NA,1433,8,340,2541,1,12,"ANT-GAV-052_Mortality-145_04262023_1_45_JO
ANT-GAV-052_Mortality-145_04262023_2_25_JO",JO,-this crab is heavily infested with very low viability 
Mortality-146,ANT-GAV-053,04/28/2023,M,44,NA,NA,NA,NA,NA,NA,NA,NA,NA,NA,12,"ANT-GAV-053_Mortality-146_04282023_1_15_JO
ANT-GAV-053_Mortality-146_04282023_2_20_JO
ANT-GAV-053_Mortality-146_04282023_3_35_JO
ANT-GAV-053_Mortality-146_04282023_4_25_JO
ANT-GAV-053_Mortality-146_04282023_5_25_JO",JO,"-spawned 
-pictures of the spawned crab eggs are included to show how many did not hatch
-there is a very apparent response of the juveniles to light
-they immediately swim towards the light from the lightbox when angeled on the sdies of the dish "
Mortality-147,ANT-GAV-050,04/28/2023,M,44,NA,NA,NA,NA,NA,NA,NA,NA,NA,NA,12,NA,JO,-there are a lot of nonnviable eggs which did not spawn 
Mortality-148,ANT-GAV-056,04/28/2023,I,35,3,1100,1072,NA,NA,28,0,8,91,0,12,"ANT-GAV-056_Mortality-148_04282023_1_25_JO
ANT-GAV-056_Mortality-148_04282023_2_25_JO",JO,-overall these eggs look really healthy 
Mortality-149,ANT-GAV-052,04/28/2023,I,40,7,1371,116,NA,NA,1255,8,797,2438,1,12,"ANT-GAV-052_Mortality-149_04282023_1_45_JO
ANT-GAV-052_Mortality-149_04282023_2_45_JO
ANT-GAV-052_Mortality-149_04282023_3_45_JO
ANT-GAV-052_Mortality-149_04282023_4_25_JO
ANT-GAV-052_Mortality-149_04282023_5_25_JO
ANT-GAV-052_Mortality-149_04282023_6_25_JO",JO,"-it is very hard to find viable eggs 
-most eggs appear to be nonviable and there are so many juves
-viable egg stage was used by finding some eggs with heartbeats and looking at EDS timeliine
-you can find the few viable eggs on the ends of the fascicles "
Mortality-150,ANT-GAV-055,04/28/2023,J,42,2,1642,1566,NA,NA,76,1,25,29,0,12,ANT-GAV-055_Mortality-150_04282023_1_45_JO,JO,-the eggs look pretty healthy
Mortality-151,ANT-GAV-059,04/29/2023,K,41,2,1300,1186,NA,NA,114,2,24,165,1,12,"ANT-GAV-059_Mortality-151_04292023_1_35_JO
ANT-GAV-059_Mortality-151_04292023_2_45_JO
ANT-GAV-059_Mortality-151_04292023_3_45_JO
ANT-GAV-059_Mortality-151_04292023_4_225_JO
ANT-GAV-059_Mortality-151_04292023_5_225_JO
ANT-GAV-059_Mortality-151_04292023_6_45_JO
ANT-GAV-059_Mortality-151_04292023_7_45_JO",JO,"-overall the eggs are looking healthy and there are not many adult nicos but more juves 
-photo with an adult next to a juvenile for scale at 45x"
Mortality-152,ANT-GAV-051,04/29/2023,F,26,3,1045,996,NA,NA,49,13,0,261,0,12,"ANT-GAV-051_Mortality-152_04292023_1_45_JO
ANT-GAV-051_Mortality-152_04292023_2_225_JO
ANT-GAV-051_Mortality-152_04292023_3_225_JO
ANT-GAV-051_Mortality-152_04292023_4_225_JO
ANT-GAV-051_Mortality-152_04292023_5_225_JO
ANT-GAV-051_Mortality-152_04292023_6_45_JO",JO,"-overall the eggs are still early in development but I believe this is will be ahigh infestation egg mass with little viability in the end due to the already large amount of nico eggs and adult nicos
-nice photo of an adult nico 
-nice photos of a really really young adult 
-photo of young adult, middle adult, and old adult from 051 and 059"
Mortality-153,ANT-GAV-056,04/30/2023,I,38,4,1166,1138,NA,NA,28,2,25,88,1,12,"ANT-GAV-056_Mortality-153_04302023_1_30_JO
ANT-GAV-056_Mortality-153_04302023_2_40_JO
ANT-GAV-056_Mortality-153_04302023_3_40_JO",JO,-overall the eggs are looking healthy with not much damage
Mortality-154,ANT-GAV-052,05/01/2023,K,43,1,1298,184,NA,NA,1114,14,959,2388,0,12,"ANT-GAV-052_Mortality-154_05012023_1_45_JV
ANT-GAV-052_Mortality-154_05012023_2_45_JV
ANT-GAV-052_Mortality-154_05012023_3_45_JV",JV,"- heavily infested, many eggs appeared viable but had no heartbeat and some didn' look viable at all yet still had heartbeats
- while overall in K, there were a lot of viable eggs still in J development
- many juveniles
- many nico egg sacks almost as large as the eggs themselves, had to do a double-take a few times"
Mortality-155,ANT-GAV-055,05/01/2023,M,45,3,NA,NA,NA,NA,NA,NA,NA,NA,NA,12,"ANT-GAV-055_Mortality-155_05012023_1_45_JV
ANT-GAV-055_Mortality-155_05012023_2_45_JV
ANT-GAV-055_Mortality-155_05012023_3_45_JV
",JV,"- very weird spawn, still had the fasciels attached but many eggs are empty, too many to accurately determine mortality
- a lot of the spawn seems to technically be alive, but they are not moving much at all
- found a live adult in the spawn"
Mortality-156,ANT-GAV-060,05/01/2023,G,29,4,1052,1014,NA,NA,38,7,0,245,0,12,"ANT-GAV-060_Mortality-156_05012023_1_45_JV
ANT-GAV-060_Mortality-156_05012023_2_45_JV
ANT-GAV-060_Mortality-156_05012023_3_45_JV",JV,"- very weird, a lot of mites were connected to the eggs as though by a string and just sat there suspended; an image is included of this"
Mortality-157,ANT-GAV-056,05/02/2023,J,41,1,1406,1358,NA,NA,48,3,0,200,0,,"ANT-GAV-056_Mortality-157_05022023_1_45_JV
ANT-GAV-056_Mortality-157_05022023_2_45_JV
ANT-GAV-056_Mortality-157_05022023_3_45_JV",JV,
Mortality-158,ANT-GAV-052,05/03/2023,M,45,NA,NA,NA,NA,NA,NA,NA,NA,NA,NA,12,"ANT-GAV-052_Morality-158_05032023_1_45_JV
ANT-GAV-052_Morality-158_05032023_2_45_JV",JV,"- clearly there are regions where quite a few crabs hatched, but also there are massive spots around the sample that are orange instead of clear, designating tons of underdeveloped eggs"
Mortality-159,ANT-GAV-060,05/04/2023,I,32,7,1021,914,NA,NA,107,7,0,1045,0,,"ANT-GAV-060_Morality-159_05042023_1_45_JV
ANT-GAV-060_Morality-159_05042023_2_45_JV",JV,
Mortality-160,ANT-GAV-059,05/04/2023,M,NA,NA,NA,NA,NA,NA,NA,NA,NA,NA,NA,12,"ANT-GAV-059_Morality-160_05042023_1_45_JV
ANT-GAV-059_Morality-160_05042023_2_45_JV",JV,- not technically not the day for monitoring but she spawned so I figured I would just collect it now
Mortality-161,ANT-GAV-051,05/05/2023,I,32,5,1131,1091,NA,NA,40,5,3,189,0,,"ANT-GAV-051_Morality-161_05052023_1_45_JV
ANT-GAV-051_Morality-161_05052023_2_45_JV",JV,
Mortality-162,ANT-GAV-056,05/06/2023,M,45,NA,NA,NA,NA,NA,NA,NA,NA,NA,NA,NA,NA,JO,NA
Mortality-163,ANT-GAV-060,05/08/2023,I,35,1,1104,103,NA,NA,1001,12,22,1409,0,,"ANT-GAV-060_Morality-163_05082023_1_45_JV
ANT-GAV-060_Morality-163_05082023_2_45_JV",JV,
Mortality-164,ANT-GAV-051,05/08/2023,I,35,4,1210,889,NA,NA,321,24,8,1622,0,14,"ANT-GAV-051_Mortality-164_05082023_1_45_JO
ANT-GAV-051_Mortality-164_05082023_2_45_JO
ANT-GAV-051_Mortality-164_05082023_3_45_JO
ANT-GAV-051_Mortality-164_05082023_4_45_JO
ANT-GAV-051_Mortality-164_05082023_5_25_JO
ANT-GAV-051_Mortality-164_05082023_6_225_JO",JO,"-this is going to be a heavily infested egg mass for sure
-cool video of mouth parts moving "
Mortality-165,ANT-GAV-060,05/10/2023,J,38,4,1170,153,NA,NA,1017,6,210,1376,0,,"ANT-GAV-060_Morality-165_05102023_1_45_JV
ANT-GAV-060_Morality-165_05102023_2_45_JV",JV,
Mortality-166,ANT-GAV-051,05/13/2023,J,38,2,1094,900,NA,NA,194,6,139,1076,0,,,JV,
Mortality-167,ANT-GAV-060,05/13/2023,K,41,7,1603,239,NA,NA,1364,27,582,2331,1,14,NA,JO,-accidentally ethanoled before the sample was photographed :/
Mortality-168,ANT-GAV-051,05/16/2023,NA,41,NA,NA,NA,NA,NA,NA,NA,NA,NA,NA,NA,ANT-GAV-051_Mortality-168_05162023_1_157.5_JO,JO,"-water flow to the tank was compromised sometime causing all of the crab eggs to perish unfortunately 
-got some nico photos of a hatched crab and empty shells for EDS figure "
Mortality-169,ANT-GAV-060,05/16/2023,M,44,NA,NA,NA,NA,NA,Na,NA,NA,NA,NA,14,"ANT-GAV-060_Mortality-169_05162023_1_157.5_JO
ANT-GAV-060_Mortality-169_05162023_2_157.5_JO",JO,"-began spawning; jsut barely but started too
-soo many juveniles present 
-video of nico egg movement "